<?xml version="1.0" encoding="UTF-8"?>
<spirit:component xmlns:xilinx="http://www.xilinx.com" xmlns:spirit="http://www.spiritconsortium.org/XMLSchema/SPIRIT/1685-2009" xmlns:xsi="http://www.w3.org/2001/XMLSchema-instance">
  <spirit:vendor>xilinx.com</spirit:vendor>
  <spirit:library>user</spirit:library>
  <spirit:name>line_buffer</spirit:name>
  <spirit:version>1.0</spirit:version>
  <spirit:busInterfaces>
    <spirit:busInterface>
      <spirit:name>resetn</spirit:name>
      <spirit:busType spirit:vendor="xilinx.com" spirit:library="signal" spirit:name="reset" spirit:version="1.0"/>
      <spirit:abstractionType spirit:vendor="xilinx.com" spirit:library="signal" spirit:name="reset_rtl" spirit:version="1.0"/>
      <spirit:slave/>
      <spirit:portMaps>
        <spirit:portMap>
          <spirit:logicalPort>
            <spirit:name>RST</spirit:name>
          </spirit:logicalPort>
          <spirit:physicalPort>
            <spirit:name>resetn</spirit:name>
          </spirit:physicalPort>
        </spirit:portMap>
      </spirit:portMaps>
      <spirit:parameters>
        <spirit:parameter>
          <spirit:name>POLARITY</spirit:name>
          <spirit:value spirit:id="BUSIFPARAM_VALUE.RESETN.POLARITY" spirit:choiceRef="choice_list_9d8b0d81">ACTIVE_LOW</spirit:value>
        </spirit:parameter>
      </spirit:parameters>
    </spirit:busInterface>
    <spirit:busInterface>
      <spirit:name>aclk</spirit:name>
      <spirit:busType spirit:vendor="xilinx.com" spirit:library="signal" spirit:name="clock" spirit:version="1.0"/>
      <spirit:abstractionType spirit:vendor="xilinx.com" spirit:library="signal" spirit:name="clock_rtl" spirit:version="1.0"/>
      <spirit:slave/>
      <spirit:portMaps>
        <spirit:portMap>
          <spirit:logicalPort>
            <spirit:name>CLK</spirit:name>
          </spirit:logicalPort>
          <spirit:physicalPort>
            <spirit:name>aclk</spirit:name>
          </spirit:physicalPort>
        </spirit:portMap>
      </spirit:portMaps>
      <spirit:parameters>
        <spirit:parameter>
          <spirit:name>ASSOCIATED_RESET</spirit:name>
          <spirit:value spirit:id="BUSIFPARAM_VALUE.ACLK.ASSOCIATED_RESET">reset:resetn</spirit:value>
        </spirit:parameter>
        <spirit:parameter>
          <spirit:name>ASSOCIATED_BUSIF</spirit:name>
          <spirit:value spirit:id="BUSIFPARAM_VALUE.ACLK.ASSOCIATED_BUSIF">m_axis_video:s_axis_video</spirit:value>
        </spirit:parameter>
      </spirit:parameters>
    </spirit:busInterface>
    <spirit:busInterface>
      <spirit:name>m_axis_video</spirit:name>
      <spirit:busType spirit:vendor="xilinx.com" spirit:library="interface" spirit:name="axis" spirit:version="1.0"/>
      <spirit:abstractionType spirit:vendor="xilinx.com" spirit:library="interface" spirit:name="axis_rtl" spirit:version="1.0"/>
      <spirit:slave/>
      <spirit:portMaps>
        <spirit:portMap>
          <spirit:logicalPort>
            <spirit:name>TDATA</spirit:name>
          </spirit:logicalPort>
          <spirit:physicalPort>
            <spirit:name>m_axis_video_tdata</spirit:name>
          </spirit:physicalPort>
        </spirit:portMap>
        <spirit:portMap>
          <spirit:logicalPort>
            <spirit:name>TLAST</spirit:name>
          </spirit:logicalPort>
          <spirit:physicalPort>
            <spirit:name>m_axis_video_tlast</spirit:name>
          </spirit:physicalPort>
        </spirit:portMap>
        <spirit:portMap>
          <spirit:logicalPort>
            <spirit:name>TUSER</spirit:name>
          </spirit:logicalPort>
          <spirit:physicalPort>
            <spirit:name>m_axis_video_tuser</spirit:name>
          </spirit:physicalPort>
        </spirit:portMap>
        <spirit:portMap>
          <spirit:logicalPort>
            <spirit:name>TVALID</spirit:name>
          </spirit:logicalPort>
          <spirit:physicalPort>
            <spirit:name>m_axis_video_tvalid</spirit:name>
          </spirit:physicalPort>
        </spirit:portMap>
        <spirit:portMap>
          <spirit:logicalPort>
            <spirit:name>TREADY</spirit:name>
          </spirit:logicalPort>
          <spirit:physicalPort>
            <spirit:name>m_axis_video_tready</spirit:name>
          </spirit:physicalPort>
        </spirit:portMap>
      </spirit:portMaps>
    </spirit:busInterface>
    <spirit:busInterface>
      <spirit:name>s_axis_video</spirit:name>
      <spirit:busType spirit:vendor="xilinx.com" spirit:library="interface" spirit:name="axis" spirit:version="1.0"/>
      <spirit:abstractionType spirit:vendor="xilinx.com" spirit:library="interface" spirit:name="axis_rtl" spirit:version="1.0"/>
      <spirit:master/>
      <spirit:portMaps>
        <spirit:portMap>
          <spirit:logicalPort>
            <spirit:name>TDATA</spirit:name>
          </spirit:logicalPort>
          <spirit:physicalPort>
            <spirit:name>s_axis_video_tdata</spirit:name>
          </spirit:physicalPort>
        </spirit:portMap>
        <spirit:portMap>
          <spirit:logicalPort>
            <spirit:name>TLAST</spirit:name>
          </spirit:logicalPort>
          <spirit:physicalPort>
            <spirit:name>s_axis_video_tlast</spirit:name>
          </spirit:physicalPort>
        </spirit:portMap>
        <spirit:portMap>
          <spirit:logicalPort>
            <spirit:name>TUSER</spirit:name>
          </spirit:logicalPort>
          <spirit:physicalPort>
            <spirit:name>s_axis_video_tuser</spirit:name>
          </spirit:physicalPort>
        </spirit:portMap>
        <spirit:portMap>
          <spirit:logicalPort>
            <spirit:name>TVALID</spirit:name>
          </spirit:logicalPort>
          <spirit:physicalPort>
            <spirit:name>s_axis_video_tvalid</spirit:name>
          </spirit:physicalPort>
        </spirit:portMap>
        <spirit:portMap>
          <spirit:logicalPort>
            <spirit:name>TREADY</spirit:name>
          </spirit:logicalPort>
          <spirit:physicalPort>
            <spirit:name>s_axis_video_tready</spirit:name>
          </spirit:physicalPort>
        </spirit:portMap>
      </spirit:portMaps>
    </spirit:busInterface>
    <spirit:busInterface>
      <spirit:name>reset_fifo</spirit:name>
      <spirit:busType spirit:vendor="xilinx.com" spirit:library="signal" spirit:name="reset" spirit:version="1.0"/>
      <spirit:abstractionType spirit:vendor="xilinx.com" spirit:library="signal" spirit:name="reset_rtl" spirit:version="1.0"/>
      <spirit:master/>
      <spirit:portMaps>
        <spirit:portMap>
          <spirit:logicalPort>
            <spirit:name>RST</spirit:name>
          </spirit:logicalPort>
          <spirit:physicalPort>
            <spirit:name>reset_fifo</spirit:name>
          </spirit:physicalPort>
        </spirit:portMap>
      </spirit:portMaps>
    </spirit:busInterface>
  </spirit:busInterfaces>
  <spirit:model>
    <spirit:views>
      <spirit:view>
        <spirit:name>xilinx_anylanguagesynthesis</spirit:name>
        <spirit:displayName>Synthesis</spirit:displayName>
        <spirit:envIdentifier>:vivado.xilinx.com:synthesis</spirit:envIdentifier>
        <spirit:language>VHDL</spirit:language>
        <spirit:modelName>line_buffer</spirit:modelName>
        <spirit:fileSetRef>
          <spirit:localName>xilinx_anylanguagesynthesis_view_fileset</spirit:localName>
        </spirit:fileSetRef>
        <spirit:parameters>
          <spirit:parameter>
            <spirit:name>viewChecksum</spirit:name>
            <spirit:value>5d7493d9</spirit:value>
          </spirit:parameter>
        </spirit:parameters>
      </spirit:view>
      <spirit:view>
        <spirit:name>xilinx_anylanguagebehavioralsimulation</spirit:name>
        <spirit:displayName>Simulation</spirit:displayName>
        <spirit:envIdentifier>:vivado.xilinx.com:simulation</spirit:envIdentifier>
        <spirit:language>VHDL</spirit:language>
        <spirit:modelName>line_buffer</spirit:modelName>
        <spirit:fileSetRef>
          <spirit:localName>xilinx_anylanguagebehavioralsimulation_view_fileset</spirit:localName>
        </spirit:fileSetRef>
        <spirit:parameters>
          <spirit:parameter>
            <spirit:name>viewChecksum</spirit:name>
            <spirit:value>5d7493d9</spirit:value>
          </spirit:parameter>
        </spirit:parameters>
      </spirit:view>
      <spirit:view>
        <spirit:name>xilinx_xpgui</spirit:name>
        <spirit:displayName>UI Layout</spirit:displayName>
        <spirit:envIdentifier>:vivado.xilinx.com:xgui.ui</spirit:envIdentifier>
        <spirit:fileSetRef>
          <spirit:localName>xilinx_xpgui_view_fileset</spirit:localName>
        </spirit:fileSetRef>
        <spirit:parameters>
          <spirit:parameter>
            <spirit:name>viewChecksum</spirit:name>
            <spirit:value>f64a5dae</spirit:value>
          </spirit:parameter>
        </spirit:parameters>
      </spirit:view>
    </spirit:views>
    <spirit:ports>
      <spirit:port>
        <spirit:name>aclk</spirit:name>
        <spirit:wire>
          <spirit:direction>in</spirit:direction>
          <spirit:wireTypeDefs>
            <spirit:wireTypeDef>
              <spirit:typeName>std_logic</spirit:typeName>
              <spirit:viewNameRef>xilinx_anylanguagesynthesis</spirit:viewNameRef>
              <spirit:viewNameRef>xilinx_anylanguagebehavioralsimulation</spirit:viewNameRef>
            </spirit:wireTypeDef>
          </spirit:wireTypeDefs>
        </spirit:wire>
      </spirit:port>
      <spirit:port>
        <spirit:name>resetn</spirit:name>
        <spirit:wire>
          <spirit:direction>in</spirit:direction>
          <spirit:wireTypeDefs>
            <spirit:wireTypeDef>
              <spirit:typeName>std_logic</spirit:typeName>
              <spirit:viewNameRef>xilinx_anylanguagesynthesis</spirit:viewNameRef>
              <spirit:viewNameRef>xilinx_anylanguagebehavioralsimulation</spirit:viewNameRef>
            </spirit:wireTypeDef>
          </spirit:wireTypeDefs>
        </spirit:wire>
      </spirit:port>
      <spirit:port>
        <spirit:name>m_axis_video_tdata</spirit:name>
        <spirit:wire>
          <spirit:direction>in</spirit:direction>
          <spirit:vector>
            <spirit:left spirit:format="long">63</spirit:left>
            <spirit:right spirit:format="long">0</spirit:right>
          </spirit:vector>
          <spirit:wireTypeDefs>
            <spirit:wireTypeDef>
              <spirit:typeName>std_logic_vector</spirit:typeName>
              <spirit:viewNameRef>xilinx_anylanguagesynthesis</spirit:viewNameRef>
              <spirit:viewNameRef>xilinx_anylanguagebehavioralsimulation</spirit:viewNameRef>
            </spirit:wireTypeDef>
          </spirit:wireTypeDefs>
          <spirit:driver>
            <spirit:defaultValue spirit:format="long">0</spirit:defaultValue>
          </spirit:driver>
        </spirit:wire>
      </spirit:port>
      <spirit:port>
        <spirit:name>m_axis_video_tlast</spirit:name>
        <spirit:wire>
          <spirit:direction>in</spirit:direction>
          <spirit:wireTypeDefs>
            <spirit:wireTypeDef>
              <spirit:typeName>std_logic</spirit:typeName>
              <spirit:viewNameRef>xilinx_anylanguagesynthesis</spirit:viewNameRef>
              <spirit:viewNameRef>xilinx_anylanguagebehavioralsimulation</spirit:viewNameRef>
            </spirit:wireTypeDef>
          </spirit:wireTypeDefs>
          <spirit:driver>
            <spirit:defaultValue spirit:format="long">0</spirit:defaultValue>
          </spirit:driver>
        </spirit:wire>
      </spirit:port>
      <spirit:port>
        <spirit:name>m_axis_video_tready</spirit:name>
        <spirit:wire>
          <spirit:direction>out</spirit:direction>
          <spirit:wireTypeDefs>
            <spirit:wireTypeDef>
              <spirit:typeName>std_logic</spirit:typeName>
              <spirit:viewNameRef>xilinx_anylanguagesynthesis</spirit:viewNameRef>
              <spirit:viewNameRef>xilinx_anylanguagebehavioralsimulation</spirit:viewNameRef>
            </spirit:wireTypeDef>
          </spirit:wireTypeDefs>
        </spirit:wire>
      </spirit:port>
      <spirit:port>
        <spirit:name>m_axis_video_tuser</spirit:name>
        <spirit:wire>
          <spirit:direction>in</spirit:direction>
          <spirit:wireTypeDefs>
            <spirit:wireTypeDef>
              <spirit:typeName>std_logic</spirit:typeName>
              <spirit:viewNameRef>xilinx_anylanguagesynthesis</spirit:viewNameRef>
              <spirit:viewNameRef>xilinx_anylanguagebehavioralsimulation</spirit:viewNameRef>
            </spirit:wireTypeDef>
          </spirit:wireTypeDefs>
          <spirit:driver>
            <spirit:defaultValue spirit:format="long">0</spirit:defaultValue>
          </spirit:driver>
        </spirit:wire>
      </spirit:port>
      <spirit:port>
        <spirit:name>m_axis_video_tvalid</spirit:name>
        <spirit:wire>
          <spirit:direction>in</spirit:direction>
          <spirit:wireTypeDefs>
            <spirit:wireTypeDef>
              <spirit:typeName>std_logic</spirit:typeName>
              <spirit:viewNameRef>xilinx_anylanguagesynthesis</spirit:viewNameRef>
              <spirit:viewNameRef>xilinx_anylanguagebehavioralsimulation</spirit:viewNameRef>
            </spirit:wireTypeDef>
          </spirit:wireTypeDefs>
        </spirit:wire>
      </spirit:port>
      <spirit:port>
        <spirit:name>s_axis_video_tdata</spirit:name>
        <spirit:wire>
          <spirit:direction>out</spirit:direction>
          <spirit:vector>
            <spirit:left spirit:format="long">63</spirit:left>
            <spirit:right spirit:format="long">0</spirit:right>
          </spirit:vector>
          <spirit:wireTypeDefs>
            <spirit:wireTypeDef>
              <spirit:typeName>std_logic_vector</spirit:typeName>
              <spirit:viewNameRef>xilinx_anylanguagesynthesis</spirit:viewNameRef>
              <spirit:viewNameRef>xilinx_anylanguagebehavioralsimulation</spirit:viewNameRef>
            </spirit:wireTypeDef>
          </spirit:wireTypeDefs>
        </spirit:wire>
      </spirit:port>
      <spirit:port>
        <spirit:name>s_axis_video_tlast</spirit:name>
        <spirit:wire>
          <spirit:direction>out</spirit:direction>
          <spirit:wireTypeDefs>
            <spirit:wireTypeDef>
              <spirit:typeName>std_logic</spirit:typeName>
              <spirit:viewNameRef>xilinx_anylanguagesynthesis</spirit:viewNameRef>
              <spirit:viewNameRef>xilinx_anylanguagebehavioralsimulation</spirit:viewNameRef>
            </spirit:wireTypeDef>
          </spirit:wireTypeDefs>
        </spirit:wire>
      </spirit:port>
      <spirit:port>
        <spirit:name>s_axis_video_tready</spirit:name>
        <spirit:wire>
          <spirit:direction>in</spirit:direction>
          <spirit:wireTypeDefs>
            <spirit:wireTypeDef>
              <spirit:typeName>std_logic</spirit:typeName>
              <spirit:viewNameRef>xilinx_anylanguagesynthesis</spirit:viewNameRef>
              <spirit:viewNameRef>xilinx_anylanguagebehavioralsimulation</spirit:viewNameRef>
            </spirit:wireTypeDef>
          </spirit:wireTypeDefs>
          <spirit:driver>
            <spirit:defaultValue spirit:format="long">1</spirit:defaultValue>
          </spirit:driver>
        </spirit:wire>
      </spirit:port>
      <spirit:port>
        <spirit:name>s_axis_video_tuser</spirit:name>
        <spirit:wire>
          <spirit:direction>out</spirit:direction>
          <spirit:wireTypeDefs>
            <spirit:wireTypeDef>
              <spirit:typeName>std_logic</spirit:typeName>
              <spirit:viewNameRef>xilinx_anylanguagesynthesis</spirit:viewNameRef>
              <spirit:viewNameRef>xilinx_anylanguagebehavioralsimulation</spirit:viewNameRef>
            </spirit:wireTypeDef>
          </spirit:wireTypeDefs>
        </spirit:wire>
      </spirit:port>
      <spirit:port>
        <spirit:name>s_axis_video_tvalid</spirit:name>
        <spirit:wire>
          <spirit:direction>out</spirit:direction>
          <spirit:wireTypeDefs>
            <spirit:wireTypeDef>
              <spirit:typeName>std_logic</spirit:typeName>
              <spirit:viewNameRef>xilinx_anylanguagesynthesis</spirit:viewNameRef>
              <spirit:viewNameRef>xilinx_anylanguagebehavioralsimulation</spirit:viewNameRef>
            </spirit:wireTypeDef>
          </spirit:wireTypeDefs>
        </spirit:wire>
      </spirit:port>
      <spirit:port>
        <spirit:name>din</spirit:name>
        <spirit:wire>
          <spirit:direction>out</spirit:direction>
          <spirit:vector>
            <spirit:left spirit:format="long">63</spirit:left>
            <spirit:right spirit:format="long">0</spirit:right>
          </spirit:vector>
          <spirit:wireTypeDefs>
            <spirit:wireTypeDef>
              <spirit:typeName>std_logic_vector</spirit:typeName>
              <spirit:viewNameRef>xilinx_anylanguagesynthesis</spirit:viewNameRef>
              <spirit:viewNameRef>xilinx_anylanguagebehavioralsimulation</spirit:viewNameRef>
            </spirit:wireTypeDef>
          </spirit:wireTypeDefs>
        </spirit:wire>
      </spirit:port>
      <spirit:port>
        <spirit:name>dout</spirit:name>
        <spirit:wire>
          <spirit:direction>in</spirit:direction>
          <spirit:vector>
            <spirit:left spirit:format="long">63</spirit:left>
            <spirit:right spirit:format="long">0</spirit:right>
          </spirit:vector>
          <spirit:wireTypeDefs>
            <spirit:wireTypeDef>
              <spirit:typeName>std_logic_vector</spirit:typeName>
              <spirit:viewNameRef>xilinx_anylanguagesynthesis</spirit:viewNameRef>
              <spirit:viewNameRef>xilinx_anylanguagebehavioralsimulation</spirit:viewNameRef>
            </spirit:wireTypeDef>
          </spirit:wireTypeDefs>
        </spirit:wire>
      </spirit:port>
      <spirit:port>
        <spirit:name>wr_en</spirit:name>
        <spirit:wire>
          <spirit:direction>out</spirit:direction>
          <spirit:wireTypeDefs>
            <spirit:wireTypeDef>
              <spirit:typeName>std_logic</spirit:typeName>
              <spirit:viewNameRef>xilinx_anylanguagesynthesis</spirit:viewNameRef>
              <spirit:viewNameRef>xilinx_anylanguagebehavioralsimulation</spirit:viewNameRef>
            </spirit:wireTypeDef>
          </spirit:wireTypeDefs>
        </spirit:wire>
      </spirit:port>
      <spirit:port>
        <spirit:name>rd_en</spirit:name>
        <spirit:wire>
          <spirit:direction>out</spirit:direction>
          <spirit:wireTypeDefs>
            <spirit:wireTypeDef>
              <spirit:typeName>std_logic</spirit:typeName>
              <spirit:viewNameRef>xilinx_anylanguagesynthesis</spirit:viewNameRef>
              <spirit:viewNameRef>xilinx_anylanguagebehavioralsimulation</spirit:viewNameRef>
            </spirit:wireTypeDef>
          </spirit:wireTypeDefs>
        </spirit:wire>
      </spirit:port>
      <spirit:port>
        <spirit:name>fifo_count</spirit:name>
        <spirit:wire>
          <spirit:direction>in</spirit:direction>
          <spirit:vector>
            <spirit:left spirit:format="long">11</spirit:left>
            <spirit:right spirit:format="long">0</spirit:right>
          </spirit:vector>
          <spirit:wireTypeDefs>
            <spirit:wireTypeDef>
              <spirit:typeName>std_logic_vector</spirit:typeName>
              <spirit:viewNameRef>xilinx_anylanguagesynthesis</spirit:viewNameRef>
              <spirit:viewNameRef>xilinx_anylanguagebehavioralsimulation</spirit:viewNameRef>
            </spirit:wireTypeDef>
          </spirit:wireTypeDefs>
        </spirit:wire>
      </spirit:port>
      <spirit:port>
        <spirit:name>reset_fifo</spirit:name>
        <spirit:wire>
          <spirit:direction>out</spirit:direction>
          <spirit:wireTypeDefs>
            <spirit:wireTypeDef>
              <spirit:typeName>std_logic</spirit:typeName>
              <spirit:viewNameRef>xilinx_anylanguagesynthesis</spirit:viewNameRef>
              <spirit:viewNameRef>xilinx_anylanguagebehavioralsimulation</spirit:viewNameRef>
            </spirit:wireTypeDef>
          </spirit:wireTypeDefs>
        </spirit:wire>
      </spirit:port>
    </spirit:ports>
  </spirit:model>
  <spirit:choices>
    <spirit:choice>
      <spirit:name>choice_list_9d8b0d81</spirit:name>
      <spirit:enumeration>ACTIVE_HIGH</spirit:enumeration>
      <spirit:enumeration>ACTIVE_LOW</spirit:enumeration>
    </spirit:choice>
  </spirit:choices>
  <spirit:fileSets>
    <spirit:fileSet>
      <spirit:name>xilinx_anylanguagesynthesis_view_fileset</spirit:name>
      <spirit:file>
        <spirit:name>src/line_buffer.vhd</spirit:name>
        <spirit:fileType>vhdlSource</spirit:fileType>
        <spirit:userFileType>CHECKSUM_5d7493d9</spirit:userFileType>
      </spirit:file>
    </spirit:fileSet>
    <spirit:fileSet>
      <spirit:name>xilinx_anylanguagebehavioralsimulation_view_fileset</spirit:name>
      <spirit:file>
        <spirit:name>src/line_buffer.vhd</spirit:name>
        <spirit:fileType>vhdlSource</spirit:fileType>
      </spirit:file>
    </spirit:fileSet>
    <spirit:fileSet>
      <spirit:name>xilinx_xpgui_view_fileset</spirit:name>
      <spirit:file>
        <spirit:name>xgui/line_buffer_v1_0.tcl</spirit:name>
        <spirit:fileType>tclSource</spirit:fileType>
        <spirit:userFileType>CHECKSUM_f64a5dae</spirit:userFileType>
        <spirit:userFileType>XGUI_VERSION_2</spirit:userFileType>
      </spirit:file>
    </spirit:fileSet>
  </spirit:fileSets>
  <spirit:description>line_buffer_v1_0</spirit:description>
  <spirit:parameters>
    <spirit:parameter>
      <spirit:name>Component_Name</spirit:name>
      <spirit:value spirit:resolve="user" spirit:id="PARAM_VALUE.Component_Name" spirit:order="1">line_buffer_v1_0</spirit:value>
    </spirit:parameter>
  </spirit:parameters>
  <spirit:vendorExtensions>
    <xilinx:coreExtensions>
      <xilinx:supportedFamilies>
        <xilinx:family xilinx:lifeCycle="Production">zynq</xilinx:family>
      </xilinx:supportedFamilies>
      <xilinx:taxonomies>
        <xilinx:taxonomy>/UserIP</xilinx:taxonomy>
      </xilinx:taxonomies>
      <xilinx:displayName>line_buffer_v1_0</xilinx:displayName>
      <xilinx:definitionSource>package_project</xilinx:definitionSource>
      <xilinx:xpmLibraries>
        <xilinx:xpmLibrary>XPM_CDC</xilinx:xpmLibrary>
        <xilinx:xpmLibrary>XPM_FIFO</xilinx:xpmLibrary>
        <xilinx:xpmLibrary>XPM_MEMORY</xilinx:xpmLibrary>
      </xilinx:xpmLibraries>
      <xilinx:coreRevision>10</xilinx:coreRevision>
      <xilinx:coreCreationDateTime>2022-05-30T14:46:18Z</xilinx:coreCreationDateTime>
      <xilinx:tags>
        <xilinx:tag xilinx:name="nopcore"/>
        <xilinx:tag xilinx:name="ui.data.coregen.dd@25f95f87_ARCHIVE_LOCATION">d:/undistort-dsk/line_buffer</xilinx:tag>
        <xilinx:tag xilinx:name="ui.data.coregen.dd@11149e6e_ARCHIVE_LOCATION">d:/undistort-dsk/line_buffer</xilinx:tag>
        <xilinx:tag xilinx:name="ui.data.coregen.dd@55e0f1d6_ARCHIVE_LOCATION">d:/undistort-dsk/line_buffer</xilinx:tag>
        <xilinx:tag xilinx:name="ui.data.coregen.dd@6459ade8_ARCHIVE_LOCATION">d:/undistort-dsk/line_buffer</xilinx:tag>
        <xilinx:tag xilinx:name="ui.data.coregen.dd@9755b9_ARCHIVE_LOCATION">d:/undistort-dsk/line_buffer</xilinx:tag>
        <xilinx:tag xilinx:name="ui.data.coregen.dd@74c02a6e_ARCHIVE_LOCATION">d:/undistort-dsk/line_buffer</xilinx:tag>
        <xilinx:tag xilinx:name="ui.data.coregen.dd@29bef49e_ARCHIVE_LOCATION">d:/undistort-dsk/line_buffer</xilinx:tag>
        <xilinx:tag xilinx:name="ui.data.coregen.dd@7489ab3_ARCHIVE_LOCATION">d:/undistort-dsk/line_buffer</xilinx:tag>
        <xilinx:tag xilinx:name="ui.data.coregen.dd@13ba6287_ARCHIVE_LOCATION">d:/undistort-dsk/line_buffer</xilinx:tag>
        <xilinx:tag xilinx:name="ui.data.coregen.dd@3eed4332_ARCHIVE_LOCATION">d:/undistort-dsk/line_buffer</xilinx:tag>
        <xilinx:tag xilinx:name="ui.data.coregen.dd@49dc8a95_ARCHIVE_LOCATION">d:/undistort-dsk/line_buffer</xilinx:tag>
        <xilinx:tag xilinx:name="ui.data.coregen.dd@12fff26b_ARCHIVE_LOCATION">d:/undistort-dsk/line_buffer</xilinx:tag>
        <xilinx:tag xilinx:name="ui.data.coregen.dd@694b8720_ARCHIVE_LOCATION">d:/undistort-dsk/line_buffer</xilinx:tag>
        <xilinx:tag xilinx:name="ui.data.coregen.dd@23c994b6_ARCHIVE_LOCATION">d:/undistort-dsk/line_buffer</xilinx:tag>
        <xilinx:tag xilinx:name="ui.data.coregen.dd@5cb23ec9_ARCHIVE_LOCATION">d:/undistort-dsk/line_buffer</xilinx:tag>
        <xilinx:tag xilinx:name="ui.data.coregen.dd@14079950_ARCHIVE_LOCATION">d:/undistort-dsk/line_buffer</xilinx:tag>
        <xilinx:tag xilinx:name="ui.data.coregen.dd@53abb2a5_ARCHIVE_LOCATION">d:/undistort-dsk/line_buffer</xilinx:tag>
        <xilinx:tag xilinx:name="ui.data.coregen.dd@8b9230f_ARCHIVE_LOCATION">d:/undistort-dsk/line_buffer</xilinx:tag>
        <xilinx:tag xilinx:name="ui.data.coregen.dd@614096f4_ARCHIVE_LOCATION">d:/undistort-dsk/line_buffer</xilinx:tag>
        <xilinx:tag xilinx:name="ui.data.coregen.dd@52317ccc_ARCHIVE_LOCATION">d:/undistort-dsk/line_buffer</xilinx:tag>
        <xilinx:tag xilinx:name="ui.data.coregen.dd@1a0e2931_ARCHIVE_LOCATION">d:/undistort-dsk/line_buffer</xilinx:tag>
        <xilinx:tag xilinx:name="ui.data.coregen.dd@34b4f388_ARCHIVE_LOCATION">d:/undistort-dsk/line_buffer</xilinx:tag>
        <xilinx:tag xilinx:name="ui.data.coregen.dd@41f12b55_ARCHIVE_LOCATION">d:/undistort-dsk/line_buffer</xilinx:tag>
        <xilinx:tag xilinx:name="ui.data.coregen.dd@4906868f_ARCHIVE_LOCATION">d:/undistort-dsk/line_buffer</xilinx:tag>
        <xilinx:tag xilinx:name="ui.data.coregen.dd@589d65dc_ARCHIVE_LOCATION">d:/undistort-dsk/line_buffer</xilinx:tag>
        <xilinx:tag xilinx:name="ui.data.coregen.dd@2c38dc5_ARCHIVE_LOCATION">d:/undistort-dsk/line_buffer</xilinx:tag>
        <xilinx:tag xilinx:name="ui.data.coregen.dd@1d501bc3_ARCHIVE_LOCATION">d:/undistort-dsk/line_buffer</xilinx:tag>
        <xilinx:tag xilinx:name="ui.data.coregen.dd@4fb4f6a3_ARCHIVE_LOCATION">d:/undistort-dsk/line_buffer</xilinx:tag>
        <xilinx:tag xilinx:name="ui.data.coregen.dd@14653fc_ARCHIVE_LOCATION">d:/undistort-dsk/line_buffer</xilinx:tag>
        <xilinx:tag xilinx:name="ui.data.coregen.dd@22eb2c29_ARCHIVE_LOCATION">d:/undistort-dsk/line_buffer</xilinx:tag>
        <xilinx:tag xilinx:name="ui.data.coregen.dd@50845780_ARCHIVE_LOCATION">d:/undistort-dsk/line_buffer</xilinx:tag>
        <xilinx:tag xilinx:name="ui.data.coregen.dd@184f1c57_ARCHIVE_LOCATION">d:/undistort-dsk/line_buffer</xilinx:tag>
        <xilinx:tag xilinx:name="ui.data.coregen.dd@18c9e6a6_ARCHIVE_LOCATION">d:/undistort-dsk/line_buffer</xilinx:tag>
        <xilinx:tag xilinx:name="ui.data.coregen.dd@11ea93be_ARCHIVE_LOCATION">d:/undistort-dsk/line_buffer</xilinx:tag>
        <xilinx:tag xilinx:name="ui.data.coregen.dd@6cbf893f_ARCHIVE_LOCATION">d:/undistort-dsk/line_buffer</xilinx:tag>
        <xilinx:tag xilinx:name="ui.data.coregen.dd@137c27d7_ARCHIVE_LOCATION">d:/undistort-dsk/line_buffer</xilinx:tag>
        <xilinx:tag xilinx:name="ui.data.coregen.dd@1993dfd4_ARCHIVE_LOCATION">d:/undistort-dsk/line_buffer</xilinx:tag>
        <xilinx:tag xilinx:name="ui.data.coregen.dd@540a9b32_ARCHIVE_LOCATION">d:/undistort-dsk/line_buffer</xilinx:tag>
        <xilinx:tag xilinx:name="ui.data.coregen.dd@1a4d9719_ARCHIVE_LOCATION">d:/undistort-dsk/line_buffer</xilinx:tag>
        <xilinx:tag xilinx:name="ui.data.coregen.dd@3f1cf34c_ARCHIVE_LOCATION">d:/undistort-dsk/line_buffer</xilinx:tag>
        <xilinx:tag xilinx:name="ui.data.coregen.dd@6708b21e_ARCHIVE_LOCATION">d:/undistort-dsk/line_buffer</xilinx:tag>
        <xilinx:tag xilinx:name="ui.data.coregen.dd@2f67309f_ARCHIVE_LOCATION">d:/undistort-dsk/line_buffer</xilinx:tag>
        <xilinx:tag xilinx:name="ui.data.coregen.dd@36304366_ARCHIVE_LOCATION">d:/undistort-dsk/line_buffer</xilinx:tag>
        <xilinx:tag xilinx:name="ui.data.coregen.dd@28804c9d_ARCHIVE_LOCATION">d:/undistort-dsk/line_buffer</xilinx:tag>
        <xilinx:tag xilinx:name="ui.data.coregen.dd@5b3d2e09_ARCHIVE_LOCATION">d:/undistort-dsk/line_buffer</xilinx:tag>
        <xilinx:tag xilinx:name="ui.data.coregen.dd@31b5c493_ARCHIVE_LOCATION">d:/undistort-dsk/line_buffer</xilinx:tag>
        <xilinx:tag xilinx:name="ui.data.coregen.dd@c694eb_ARCHIVE_LOCATION">d:/undistort-dsk/line_buffer</xilinx:tag>
        <xilinx:tag xilinx:name="ui.data.coregen.dd@723db485_ARCHIVE_LOCATION">d:/undistort-dsk/line_buffer</xilinx:tag>
        <xilinx:tag xilinx:name="ui.data.coregen.dd@7f53bb39_ARCHIVE_LOCATION">d:/undistort-dsk/models/v2022a/hdl_prj/vivado_ip_prj/ipcore/line_buffer</xilinx:tag>
        <xilinx:tag xilinx:name="ui.data.coregen.dd@3a199dca_ARCHIVE_LOCATION">d:/undistort-dsk/models/v2022a/hdl_prj/vivado_ip_prj/ipcore/line_buffer</xilinx:tag>
        <xilinx:tag xilinx:name="ui.data.coregen.dd@327812a_ARCHIVE_LOCATION">d:/undistort-dsk/models/v2022a/hdl_prj/vivado_ip_prj/ipcore/line_buffer</xilinx:tag>
        <xilinx:tag xilinx:name="ui.data.coregen.dd@65af1627_ARCHIVE_LOCATION">d:/undistort-dsk/models/v2022a/hdl_prj/vivado_ip_prj/ipcore/line_buffer</xilinx:tag>
        <xilinx:tag xilinx:name="ui.data.coregen.dd@25de2e59_ARCHIVE_LOCATION">d:/undistort-dsk/models/v2022a/hdl_prj/vivado_ip_prj/ipcore/line_buffer</xilinx:tag>
        <xilinx:tag xilinx:name="ui.data.coregen.dd@556ffb9d_ARCHIVE_LOCATION">d:/undistort-dsk/models/v2022a/hdl_prj/vivado_ip_prj/ipcore/line_buffer</xilinx:tag>
        <xilinx:tag xilinx:name="ui.data.coregen.dd@49a40dae_ARCHIVE_LOCATION">d:/undistort-dsk/models/v2022a/hdl_prj/vivado_ip_prj/ipcore/line_buffer</xilinx:tag>
        <xilinx:tag xilinx:name="ui.data.coregen.dd@6fa1ab67_ARCHIVE_LOCATION">d:/undistort-dsk/models/v2022a/hdl_prj/vivado_ip_prj/ipcore/line_buffer</xilinx:tag>
        <xilinx:tag xilinx:name="ui.data.coregen.dd@743a4177_ARCHIVE_LOCATION">d:/undistort-dsk/models/v2022a/hdl_prj/vivado_ip_prj/ipcore/line_buffer</xilinx:tag>
        <xilinx:tag xilinx:name="ui.data.coregen.dd@1270cce4_ARCHIVE_LOCATION">d:/undistort-dsk/models/v2022a/hdl_prj/vivado_ip_prj/ipcore/line_buffer</xilinx:tag>
        <xilinx:tag xilinx:name="ui.data.coregen.dd@9536b88_ARCHIVE_LOCATION">d:/undistort-dsk/models/v2022a/hdl_prj/vivado_ip_prj/ipcore/line_buffer</xilinx:tag>
        <xilinx:tag xilinx:name="ui.data.coregen.dd@73aee198_ARCHIVE_LOCATION">d:/undistort-dsk/models/v2022a/hdl_prj/vivado_ip_prj/ipcore/line_buffer</xilinx:tag>
        <xilinx:tag xilinx:name="ui.data.coregen.dd@2e68e747_ARCHIVE_LOCATION">d:/undistort-dsk/models/v2022a/hdl_prj/vivado_ip_prj/ipcore/line_buffer</xilinx:tag>
        <xilinx:tag xilinx:name="ui.data.coregen.dd@4e52b22d_ARCHIVE_LOCATION">d:/undistort-dsk/models/v2022a/hdl_prj/vivado_ip_prj/ipcore/line_buffer</xilinx:tag>
        <xilinx:tag xilinx:name="ui.data.coregen.dd@4c08ac0a_ARCHIVE_LOCATION">d:/undistort-dsk/models/v2022a/hdl_prj/vivado_ip_prj/ipcore/line_buffer</xilinx:tag>
        <xilinx:tag xilinx:name="ui.data.coregen.dd@503bd780_ARCHIVE_LOCATION">d:/undistort-dsk/models/v2022a/hdl_prj/vivado_ip_prj/ipcore/line_buffer</xilinx:tag>
        <xilinx:tag xilinx:name="ui.data.coregen.dd@3ae7e72f_ARCHIVE_LOCATION">d:/undistort-dsk/models/v2022a/hdl_prj/vivado_ip_prj/ipcore/line_buffer</xilinx:tag>
        <xilinx:tag xilinx:name="ui.data.coregen.dd@1d82edae_ARCHIVE_LOCATION">d:/undistort-dsk/models/v2022a/hdl_prj/vivado_ip_prj/ipcore/line_buffer</xilinx:tag>
        <xilinx:tag xilinx:name="ui.data.coregen.dd@6188fa53_ARCHIVE_LOCATION">d:/undistort-dsk/models/v2022a/hdl_prj/vivado_ip_prj/ipcore/line_buffer</xilinx:tag>
        <xilinx:tag xilinx:name="ui.data.coregen.dd@57b8a1ad_ARCHIVE_LOCATION">d:/undistort-dsk/models/v2022a/hdl_prj/vivado_ip_prj/ipcore/line_buffer</xilinx:tag>
        <xilinx:tag xilinx:name="ui.data.coregen.dd@7c59f53f_ARCHIVE_LOCATION">d:/undistort-dsk/models/v2022a/hdl_prj/vivado_ip_prj/ipcore/line_buffer</xilinx:tag>
        <xilinx:tag xilinx:name="ui.data.coregen.dd@4d8355fa_ARCHIVE_LOCATION">d:/undistort-dsk/models/v2022a/hdl_prj/vivado_ip_prj/ipcore/line_buffer</xilinx:tag>
        <xilinx:tag xilinx:name="ui.data.coregen.dd@22b0fe67_ARCHIVE_LOCATION">d:/undistort-dsk/models/v2022a/hdl_prj/vivado_ip_prj/ipcore/line_buffer</xilinx:tag>
        <xilinx:tag xilinx:name="ui.data.coregen.dd@4d1acac5_ARCHIVE_LOCATION">d:/undistort-dsk/models/v2022a/hdl_prj/vivado_ip_prj/ipcore/line_buffer</xilinx:tag>
        <xilinx:tag xilinx:name="ui.data.coregen.dd@3bf91_ARCHIVE_LOCATION">d:/undistort-dsk/models/v2022a/hdl_prj/vivado_ip_prj/ipcore/line_buffer</xilinx:tag>
        <xilinx:tag xilinx:name="ui.data.coregen.dd@45fbfa05_ARCHIVE_LOCATION">d:/undistort-dsk/models/v2022a/hdl_prj/vivado_ip_prj/ipcore/line_buffer</xilinx:tag>
        <xilinx:tag xilinx:name="ui.data.coregen.dd@76f4d4af_ARCHIVE_LOCATION">d:/undistort-dsk/models/v2022a/hdl_prj/vivado_ip_prj/ipcore/line_buffer</xilinx:tag>
        <xilinx:tag xilinx:name="ui.data.coregen.dd@65b1fabb_ARCHIVE_LOCATION">d:/undistort-dsk/models/v2022a/hdl_prj/vivado_ip_prj/ipcore/line_buffer</xilinx:tag>
        <xilinx:tag xilinx:name="ui.data.coregen.dd@4dbb524b_ARCHIVE_LOCATION">d:/undistort-dsk/models/v2022a/hdl_prj/vivado_ip_prj/ipcore/line_buffer</xilinx:tag>
        <xilinx:tag xilinx:name="ui.data.coregen.dd@57899946_ARCHIVE_LOCATION">d:/undistort-dsk/models/v2022a/hdl_prj/vivado_ip_prj/ipcore/line_buffer</xilinx:tag>
        <xilinx:tag xilinx:name="ui.data.coregen.dd@7368b997_ARCHIVE_LOCATION">d:/undistort-dsk/models/v2022a/hdl_prj/vivado_ip_prj/ipcore/line_buffer</xilinx:tag>
        <xilinx:tag xilinx:name="ui.data.coregen.dd@78fe0796_ARCHIVE_LOCATION">d:/undistort-dsk/models/v2022a/hdl_prj/vivado_ip_prj/ipcore/line_buffer</xilinx:tag>
        <xilinx:tag xilinx:name="ui.data.coregen.dd@4ef855f9_ARCHIVE_LOCATION">d:/undistort-dsk/models/v2022a/hdl_prj/vivado_ip_prj/ipcore/line_buffer</xilinx:tag>
        <xilinx:tag xilinx:name="ui.data.coregen.dd@56e02643_ARCHIVE_LOCATION">d:/undistort-dsk/models/v2022a/hdl_prj/vivado_ip_prj/ipcore/line_buffer</xilinx:tag>
        <xilinx:tag xilinx:name="ui.data.coregen.dd@7d2958bc_ARCHIVE_LOCATION">d:/undistort-dsk/models/v2022a/hdl_prj/vivado_ip_prj/ipcore/line_buffer</xilinx:tag>
        <xilinx:tag xilinx:name="ui.data.coregen.dd@174772a7_ARCHIVE_LOCATION">d:/undistort-dsk/models/v2022a/hdl_prj/vivado_ip_prj/ipcore/line_buffer</xilinx:tag>
        <xilinx:tag xilinx:name="ui.data.coregen.dd@543d5b37_ARCHIVE_LOCATION">d:/undistort-dsk/models/v2022a/hdl_prj/vivado_ip_prj/ipcore/line_buffer</xilinx:tag>
        <xilinx:tag xilinx:name="ui.data.coregen.dd@6e613a09_ARCHIVE_LOCATION">d:/undistort-dsk/models/v2022a/hdl_prj/vivado_ip_prj/ipcore/line_buffer</xilinx:tag>
        <xilinx:tag xilinx:name="ui.data.coregen.dd@4576cd4b_ARCHIVE_LOCATION">d:/undistort-dsk/models/v2022a/hdl_prj/vivado_ip_prj/ipcore/line_buffer</xilinx:tag>
        <xilinx:tag xilinx:name="ui.data.coregen.dd@1c57ccc5_ARCHIVE_LOCATION">d:/undistort-dsk/models/v2022a/hdl_prj/vivado_ip_prj/ipcore/line_buffer</xilinx:tag>
        <xilinx:tag xilinx:name="ui.data.coregen.dd@5557e670_ARCHIVE_LOCATION">d:/undistort-dsk/models/v2022a/hdl_prj/vivado_ip_prj/ipcore/line_buffer</xilinx:tag>
        <xilinx:tag xilinx:name="ui.data.coregen.dd@2c54ae6c_ARCHIVE_LOCATION">d:/undistort-dsk/models/v2022a/hdl_prj/vivado_ip_prj/ipcore/line_buffer</xilinx:tag>
        <xilinx:tag xilinx:name="ui.data.coregen.dd@1cdd81d3_ARCHIVE_LOCATION">d:/undistort-dsk/models/v2022a/hdl_prj/vivado_ip_prj/ipcore/line_buffer</xilinx:tag>
        <xilinx:tag xilinx:name="ui.data.coregen.dd@2b6e5b7e_ARCHIVE_LOCATION">d:/undistort-dsk/models/v2022a/hdl_prj/vivado_ip_prj/ipcore/line_buffer</xilinx:tag>
        <xilinx:tag xilinx:name="ui.data.coregen.dd@7e1fe24b_ARCHIVE_LOCATION">d:/undistort-dsk/models/v2022a/hdl_prj/vivado_ip_prj/ipcore/line_buffer</xilinx:tag>
        <xilinx:tag xilinx:name="ui.data.coregen.dd@24359bb0_ARCHIVE_LOCATION">d:/undistort-dsk/models/v2022a/hdl_prj/vivado_ip_prj/ipcore/line_buffer</xilinx:tag>
        <xilinx:tag xilinx:name="ui.data.coregen.dd@3fa79a18_ARCHIVE_LOCATION">d:/undistort-dsk/models/v2022a/hdl_prj/vivado_ip_prj/ipcore/line_buffer</xilinx:tag>
        <xilinx:tag xilinx:name="ui.data.coregen.dd@48ab01ae_ARCHIVE_LOCATION">d:/undistort-dsk/models/v2022a/hdl_prj/vivado_ip_prj/ipcore/line_buffer</xilinx:tag>
        <xilinx:tag xilinx:name="ui.data.coregen.dd@5fc488d1_ARCHIVE_LOCATION">d:/undistort-dsk/models/v2022a/hdl_prj/vivado_ip_prj/ipcore/line_buffer</xilinx:tag>
        <xilinx:tag xilinx:name="ui.data.coregen.dd@4a3ee38e_ARCHIVE_LOCATION">d:/undistort-dsk/models/v2022a/hdl_prj/vivado_ip_prj/ipcore/line_buffer</xilinx:tag>
        <xilinx:tag xilinx:name="ui.data.coregen.dd@530ea5d3_ARCHIVE_LOCATION">d:/undistort-dsk/models/v2022a/hdl_prj/vivado_ip_prj/ipcore/line_buffer</xilinx:tag>
        <xilinx:tag xilinx:name="ui.data.coregen.dd@2594355c_ARCHIVE_LOCATION">d:/undistort-dsk/models/v2022a/hdl_prj/vivado_ip_prj/ipcore/line_buffer</xilinx:tag>
        <xilinx:tag xilinx:name="ui.data.coregen.dd@3b61a0f1_ARCHIVE_LOCATION">d:/undistort-dsk/models/v2022a/hdl_prj/vivado_ip_prj/ipcore/line_buffer</xilinx:tag>
        <xilinx:tag xilinx:name="ui.data.coregen.dd@46d89a08_ARCHIVE_LOCATION">d:/undistort-dsk/models/v2022a/hdl_prj/vivado_ip_prj/ipcore/line_buffer</xilinx:tag>
        <xilinx:tag xilinx:name="ui.data.coregen.dd@21548e7b_ARCHIVE_LOCATION">d:/undistort-dsk/models/v2022a/hdl_prj/vivado_ip_prj/ipcore/line_buffer</xilinx:tag>
        <xilinx:tag xilinx:name="ui.data.coregen.dd@21994368_ARCHIVE_LOCATION">d:/undistort-dsk/models/v2022a/hdl_prj/vivado_ip_prj/ipcore/line_buffer</xilinx:tag>
        <xilinx:tag xilinx:name="ui.data.coregen.dd@51366d13_ARCHIVE_LOCATION">d:/undistort-dsk/models/v2022a/hdl_prj/vivado_ip_prj/ipcore/line_buffer</xilinx:tag>
        <xilinx:tag xilinx:name="ui.data.coregen.dd@737085d3_ARCHIVE_LOCATION">d:/undistort-dsk/models/v2022a/hdl_prj/vivado_ip_prj/ipcore/line_buffer</xilinx:tag>
        <xilinx:tag xilinx:name="ui.data.coregen.dd@206bfdea_ARCHIVE_LOCATION">d:/undistort-dsk/models/v2022a/hdl_prj/vivado_ip_prj/ipcore/line_buffer</xilinx:tag>
        <xilinx:tag xilinx:name="ui.data.coregen.dd@102263b6_ARCHIVE_LOCATION">d:/undistort-dsk/models/v2022a/hdl_prj/vivado_ip_prj/ipcore/line_buffer</xilinx:tag>
        <xilinx:tag xilinx:name="ui.data.coregen.dd@54ce291b_ARCHIVE_LOCATION">d:/undistort-dsk/models/v2022a/hdl_prj/vivado_ip_prj/ipcore/line_buffer</xilinx:tag>
        <xilinx:tag xilinx:name="ui.data.coregen.dd@429e49a2_ARCHIVE_LOCATION">d:/undistort-dsk/models/v2022a/hdl_prj/vivado_ip_prj/ipcore/line_buffer</xilinx:tag>
        <xilinx:tag xilinx:name="ui.data.coregen.dd@3b9014f1_ARCHIVE_LOCATION">d:/undistort-dsk/models/v2022a/hdl_prj/vivado_ip_prj/ipcore/line_buffer</xilinx:tag>
        <xilinx:tag xilinx:name="ui.data.coregen.dd@108866db_ARCHIVE_LOCATION">d:/undistort-dsk/models/v2022a/hdl_prj/vivado_ip_prj/ipcore/line_buffer</xilinx:tag>
        <xilinx:tag xilinx:name="ui.data.coregen.dd@67c9db0d_ARCHIVE_LOCATION">d:/undistort-dsk/models/v2022a/hdl_prj/vivado_ip_prj/ipcore/line_buffer</xilinx:tag>
        <xilinx:tag xilinx:name="ui.data.coregen.dd@79c715f8_ARCHIVE_LOCATION">d:/undistort-dsk/models/v2022a/hdl_prj/vivado_ip_prj/ipcore/line_buffer</xilinx:tag>
        <xilinx:tag xilinx:name="ui.data.coregen.dd@2d93056f_ARCHIVE_LOCATION">d:/undistort-dsk/models/v2022a/hdl_prj/vivado_ip_prj/ipcore/line_buffer</xilinx:tag>
        <xilinx:tag xilinx:name="ui.data.coregen.dd@78ee8e82_ARCHIVE_LOCATION">d:/undistort-dsk/models/v2022a/hdl_prj/vivado_ip_prj/ipcore/line_buffer</xilinx:tag>
        <xilinx:tag xilinx:name="ui.data.coregen.dd@34411fd5_ARCHIVE_LOCATION">d:/undistort-dsk/models/v2022a/hdl_prj/vivado_ip_prj/ipcore/line_buffer</xilinx:tag>
        <xilinx:tag xilinx:name="ui.data.coregen.dd@7d9cbfba_ARCHIVE_LOCATION">d:/undistort-dsk/models/v2022a/hdl_prj/vivado_ip_prj/ipcore/line_buffer</xilinx:tag>
        <xilinx:tag xilinx:name="ui.data.coregen.dd@1661c5e4_ARCHIVE_LOCATION">d:/undistort-dsk/models/v2022a/hdl_prj/vivado_ip_prj/ipcore/line_buffer</xilinx:tag>
        <xilinx:tag xilinx:name="ui.data.coregen.dd@274ad315_ARCHIVE_LOCATION">d:/undistort-dsk/models/v2022a/hdl_prj/vivado_ip_prj/ipcore/line_buffer</xilinx:tag>
        <xilinx:tag xilinx:name="ui.data.coregen.dd@1b532e92_ARCHIVE_LOCATION">d:/undistort-dsk/models/v2022a/hdl_prj/vivado_ip_prj/ipcore/line_buffer</xilinx:tag>
        <xilinx:tag xilinx:name="ui.data.coregen.dd@7842e042_ARCHIVE_LOCATION">d:/undistort-dsk/models/v2022a/hdl_prj/vivado_ip_prj/ipcore/line_buffer</xilinx:tag>
        <xilinx:tag xilinx:name="ui.data.coregen.dd@73d2ca5f_ARCHIVE_LOCATION">d:/undistort-dsk/models/v2022a/hdl_prj/vivado_ip_prj/ipcore/line_buffer</xilinx:tag>
        <xilinx:tag xilinx:name="ui.data.coregen.dd@2c185a96_ARCHIVE_LOCATION">d:/undistort-dsk/models/v2022a/hdl_prj/vivado_ip_prj/ipcore/line_buffer</xilinx:tag>
        <xilinx:tag xilinx:name="ui.data.coregen.dd@2732ef9c_ARCHIVE_LOCATION">d:/undistort-dsk/models/v2022a/hdl_prj/vivado_ip_prj/ipcore/line_buffer</xilinx:tag>
        <xilinx:tag xilinx:name="ui.data.coregen.dd@2dd12960_ARCHIVE_LOCATION">d:/undistort-dsk/models/v2022a/hdl_prj/vivado_ip_prj/ipcore/line_buffer</xilinx:tag>
        <xilinx:tag xilinx:name="ui.data.coregen.dd@35693454_ARCHIVE_LOCATION">d:/undistort-dsk/models/v2022a/hdl_prj/vivado_ip_prj/ipcore/line_buffer</xilinx:tag>
        <xilinx:tag xilinx:name="ui.data.coregen.dd@2a7970a7_ARCHIVE_LOCATION">d:/undistort-dsk/models/v2022a/hdl_prj/vivado_ip_prj/ipcore/line_buffer</xilinx:tag>
      </xilinx:tags>
    </xilinx:coreExtensions>
    <xilinx:packagingInfo>
      <xilinx:xilinxVersion>2019.1</xilinx:xilinxVersion>
      <xilinx:checksum xilinx:scope="busInterfaces" xilinx:value="c005f124"/>
      <xilinx:checksum xilinx:scope="fileGroups" xilinx:value="58fe0755"/>
      <xilinx:checksum xilinx:scope="ports" xilinx:value="7ec2dcc8"/>
      <xilinx:checksum xilinx:scope="parameters" xilinx:value="c503e56b"/>
    </xilinx:packagingInfo>
  </spirit:vendorExtensions>
</spirit:component>
