<?xml version="1.0"?>
<Runs Version="1" Minor="0">
	<Run Id="design_1_rst_ps7_0_50M_0_synth_1" LaunchDir="C:/Users/mdm60/OneDrive/Desktop/Folder/RIT/Spring_2023/ESD_II/esd/vivado/blinkAXI3/project/blinkAXI3.runs/design_1_rst_ps7_0_50M_0_synth_1" FlowId="Vivado_Synthesis" FromStepId="vivado" ToStepId="vivado"/>
	<Run Id="design_1_blink_tunable_0_0_synth_1" LaunchDir="C:/Users/mdm60/OneDrive/Desktop/Folder/RIT/Spring_2023/ESD_II/esd/vivado/blinkAXI3/project/blinkAXI3.runs/design_1_blink_tunable_0_0_synth_1" FlowId="Vivado_Synthesis" FromStepId="vivado" ToStepId="vivado"/>
	<Run Id="design_1_auto_pc_0_synth_1" LaunchDir="C:/Users/mdm60/OneDrive/Desktop/Folder/RIT/Spring_2023/ESD_II/esd/vivado/blinkAXI3/project/blinkAXI3.runs/design_1_auto_pc_0_synth_1" FlowId="Vivado_Synthesis" FromStepId="vivado" ToStepId="vivado"/>
	<Run Id="design_1_util_vector_logic_0_0_synth_1" LaunchDir="C:/Users/mdm60/OneDrive/Desktop/Folder/RIT/Spring_2023/ESD_II/esd/vivado/blinkAXI3/project/blinkAXI3.runs/design_1_util_vector_logic_0_0_synth_1" FlowId="Vivado_Synthesis" FromStepId="vivado" ToStepId="vivado"/>
	<Run Id="design_1_blink_AXI_0_0_synth_1" LaunchDir="C:/Users/mdm60/OneDrive/Desktop/Folder/RIT/Spring_2023/ESD_II/esd/vivado/blinkAXI3/project/blinkAXI3.runs/design_1_blink_AXI_0_0_synth_1" FlowId="Vivado_Synthesis" FromStepId="vivado" ToStepId="vivado"/>
	<Run Id="design_1_processing_system7_0_0_synth_1" LaunchDir="C:/Users/mdm60/OneDrive/Desktop/Folder/RIT/Spring_2023/ESD_II/esd/vivado/blinkAXI3/project/blinkAXI3.runs/design_1_processing_system7_0_0_synth_1" FlowId="Vivado_Synthesis" FromStepId="vivado" ToStepId="vivado"/>
	<Run Id="synth_1" LaunchDir="C:/Users/mdm60/OneDrive/Desktop/Folder/RIT/Spring_2023/ESD_II/esd/vivado/blinkAXI3/project/blinkAXI3.runs/synth_1" FlowId="Vivado_Synthesis" FromStepId="vivado" ToStepId="vivado">
		<Parent Id="design_1_rst_ps7_0_50M_0_synth_1"/>
		<Parent Id="design_1_blink_tunable_0_0_synth_1"/>
		<Parent Id="design_1_auto_pc_0_synth_1"/>
		<Parent Id="design_1_util_vector_logic_0_0_synth_1"/>
		<Parent Id="design_1_blink_AXI_0_0_synth_1"/>
		<Parent Id="design_1_processing_system7_0_0_synth_1"/>
	</Run>
	<Parameters>
		<Parameter Name="runs.monitorLSFJobs" Val="true" Type="bool"/>
	</Parameters>
</Runs>

